{
    "Editer": {
        "Box0": [
            1.0,
            1.0,
            1.0,
            0.0,
            0.0,
            0.0,
            1.0,
            2.5552639961242676,
            4.67886209487915,
            -4.293338775634766
        ],
        "Box1": [
            1.0,
            1.0,
            1.0,
            0.0,
            0.0,
            0.0,
            1.0,
            0.0,
            2.819000005722046,
            0.0
        ],
        "BoxCount": 2,
        "Plane0": [
            1.0,
            2.0,
            1.0,
            0.0,
            0.0,
            0.0,
            1.0,
            0.0,
            0.0,
            0.0
        ],
        "PlaneCount": 0
    }
}
