{
    "Editer": {
        "Box0": [
            1.0,
            1.0,
            1.0,
            0.0,
            0.0,
            0.0,
            1.0,
            6.443106651306152,
            5.177824020385742,
            -4.293338775634766
        ],
        "BoxCount": 1,
        "Plane0": [
            1.0,
            2.0,
            1.0,
            0.0,
            0.0,
            0.0,
            1.0,
            0.0,
            0.0,
            0.0
        ],
        "PlaneCount": 0
    }
}
